id,experiment,ear_punch,date_of_birth,strain,sex,cage_number,tumor_injection,tumor_injection_vial,tumor_cells_per_mouse,tumor_injection_date,tumor_total_cell_count,tumor_cell_viability_after_thaw,tumor_total_live_cell_count,tumor_injection_quality,trt_factor,trt,trt_injection_vial,trt_cells_per_mouse,trt_injection_date,trt_total_cell_count,trt_cell_viability_after_thaw,trt_total_live_cell_count,trt_injection_quality,manner_of_death,death_date,spleen_total_cell_count,spleen_cell_viability,spleen_live_cell_count,spleen_suspension_volume,spleen_total_live_cell_count,number_of_spleen_cryovials,cryovial_spleen_cell_total,marrow_total_cell_count,marrow_cell_viability,marrow_live_cell_count,marrow_suspension_volume,marrow_total_live_cell_count,number_of_marrow_cryovials,cryovial_marrow_cell_total,total_flux,avg_radiance,imaging_date
1,test,L,2024-01-01,NSG,female,100100,XYZ,XYZ-GFP-CBG-passage2-2023-08-22-MM-86e6,1000000,2024-02-10,74000000,0.817,60500000,perfect,3,Treatment C,NA,NA,2024-02-23,NA,NA,NA,NA,fd,1/16/2024,NA,NA,NA,NA,NA,NA,NA,NA,NA,NA,NA,NA,NA,NA,1260000,2280,2024-02-16
1,test,L,2024-01-01,NSG,female,100100,XYZ,XYZ-GFP-CBG-passage2-2023-08-22-MM-86e6,1000000,2024-02-10,74000000,0.817,60500000,perfect,3,Treatment C,NA,NA,2024-02-23,NA,NA,NA,NA,fd,1/16/2024,NA,NA,NA,NA,NA,NA,NA,NA,NA,NA,NA,NA,NA,NA,1480000,2570,2024-02-22
1,test,L,2024-01-01,NSG,female,100100,XYZ,XYZ-GFP-CBG-passage2-2023-08-22-MM-86e6,1000000,2024-02-10,74000000,0.817,60500000,perfect,3,Treatment C,NA,NA,2024-02-23,NA,NA,NA,NA,fd,1/16/2024,NA,NA,NA,NA,NA,NA,NA,NA,NA,NA,NA,NA,NA,NA,13600000,22100,2024-03-01
1,test,L,2024-01-01,NSG,female,100100,XYZ,XYZ-GFP-CBG-passage2-2023-08-22-MM-86e6,1000000,2024-02-10,74000000,0.817,60500000,perfect,3,Treatment C,NA,NA,2024-02-23,NA,NA,NA,NA,fd,1/16/2024,NA,NA,NA,NA,NA,NA,NA,NA,NA,NA,NA,NA,NA,NA,231000000,446000,2024-03-08
1,test,L,2024-01-01,NSG,female,100100,XYZ,XYZ-GFP-CBG-passage2-2023-08-22-MM-86e6,1000000,2024-02-10,74000000,0.817,60500000,perfect,3,Treatment C,NA,NA,2024-02-23,NA,NA,NA,NA,fd,1/16/2024,NA,NA,NA,NA,NA,NA,NA,NA,NA,NA,NA,NA,NA,NA,1050000000,1940000,2024-03-15
1,test,L,2024-01-01,NSG,female,100100,XYZ,XYZ-GFP-CBG-passage2-2023-08-22-MM-86e6,1000000,2024-02-10,74000000,0.817,60500000,perfect,3,Treatment C,NA,NA,2024-02-23,NA,NA,NA,NA,fd,1/16/2024,NA,NA,NA,NA,NA,NA,NA,NA,NA,NA,NA,NA,NA,NA,1050000000,1940000,2024-03-22
2,test,R,2024-01-01,NSG,female,100100,XYZ,XYZ-GFP-CBG-passage2-2023-08-22-MM-86e6,1000000,2024-02-10,74000000,0.817,60500000,perfect,0,Non-study,NA,NA,2024-02-23,NA,NA,NA,NA,sac,1/30/2024,48300000,0.909,43800000,10.5,460000000,5,92000000,NA,NA,NA,NA,NA,NA,NA,1590000,2720,2024-02-16
2,test,R,2024-01-01,NSG,female,100100,XYZ,XYZ-GFP-CBG-passage2-2023-08-22-MM-86e6,1000000,2024-02-10,74000000,0.817,60500000,perfect,0,Non-study,NA,NA,2024-02-23,NA,NA,NA,NA,sac,1/30/2024,48300000,0.909,43800000,10.5,460000000,5,92000000,NA,NA,NA,NA,NA,NA,NA,1010000,1760,2024-02-22
2,test,R,2024-01-01,NSG,female,100100,XYZ,XYZ-GFP-CBG-passage2-2023-08-22-MM-86e6,1000000,2024-02-10,74000000,0.817,60500000,perfect,0,Non-study,NA,NA,2024-02-23,NA,NA,NA,NA,sac,1/30/2024,48300000,0.909,43800000,10.5,460000000,5,92000000,NA,NA,NA,NA,NA,NA,NA,973000,1610,2024-03-01
2,test,R,2024-01-01,NSG,female,100100,XYZ,XYZ-GFP-CBG-passage2-2023-08-22-MM-86e6,1000000,2024-02-10,74000000,0.817,60500000,perfect,0,Non-study,NA,NA,2024-02-23,NA,NA,NA,NA,sac,1/30/2024,48300000,0.909,43800000,10.5,460000000,5,92000000,NA,NA,NA,NA,NA,NA,NA,5330000,12400,2024-03-08
2,test,R,2024-01-01,NSG,female,100100,XYZ,XYZ-GFP-CBG-passage2-2023-08-22-MM-86e6,1000000,2024-02-10,74000000,0.817,60500000,perfect,0,Non-study,NA,NA,2024-02-23,NA,NA,NA,NA,sac,1/30/2024,48300000,0.909,43800000,10.5,460000000,5,92000000,NA,NA,NA,NA,NA,NA,NA,13100000,25300,2024-03-15
2,test,R,2024-01-01,NSG,female,100100,XYZ,XYZ-GFP-CBG-passage2-2023-08-22-MM-86e6,1000000,2024-02-10,74000000,0.817,60500000,perfect,0,Non-study,NA,NA,2024-02-23,NA,NA,NA,NA,sac,1/30/2024,48300000,0.909,43800000,10.5,460000000,5,92000000,NA,NA,NA,NA,NA,NA,NA,13100000,25300,2024-03-22
3,test,LR,2024-01-01,NSG,female,100100,XYZ,XYZ-GFP-CBG-passage2-2023-08-22-MM-86e6,1000000,2024-02-10,74000000,0.817,60500000,perfect,4,Treatment D,NA,NA,2024-02-23,NA,NA,NA,NA,fd,1/29/2024,NA,NA,NA,NA,NA,NA,NA,NA,NA,NA,NA,NA,NA,NA,1140000,1990,2024-02-16
3,test,LR,2024-01-01,NSG,female,100100,XYZ,XYZ-GFP-CBG-passage2-2023-08-22-MM-86e6,1000000,2024-02-10,74000000,0.817,60500000,perfect,4,Treatment D,NA,NA,2024-02-23,NA,NA,NA,NA,fd,1/29/2024,NA,NA,NA,NA,NA,NA,NA,NA,NA,NA,NA,NA,NA,NA,1360000,2380,2024-02-22
3,test,LR,2024-01-01,NSG,female,100100,XYZ,XYZ-GFP-CBG-passage2-2023-08-22-MM-86e6,1000000,2024-02-10,74000000,0.817,60500000,perfect,4,Treatment D,NA,NA,2024-02-23,NA,NA,NA,NA,fd,1/29/2024,NA,NA,NA,NA,NA,NA,NA,NA,NA,NA,NA,NA,NA,NA,12600000,24200,2024-03-01
3,test,LR,2024-01-01,NSG,female,100100,XYZ,XYZ-GFP-CBG-passage2-2023-08-22-MM-86e6,1000000,2024-02-10,74000000,0.817,60500000,perfect,4,Treatment D,NA,NA,2024-02-23,NA,NA,NA,NA,fd,1/29/2024,NA,NA,NA,NA,NA,NA,NA,NA,NA,NA,NA,NA,NA,NA,109000000,230000,2024-03-08
3,test,LR,2024-01-01,NSG,female,100100,XYZ,XYZ-GFP-CBG-passage2-2023-08-22-MM-86e6,1000000,2024-02-10,74000000,0.817,60500000,perfect,4,Treatment D,NA,NA,2024-02-23,NA,NA,NA,NA,fd,1/29/2024,NA,NA,NA,NA,NA,NA,NA,NA,NA,NA,NA,NA,NA,NA,17600000,33000,2024-03-15
3,test,LR,2024-01-01,NSG,female,100100,XYZ,XYZ-GFP-CBG-passage2-2023-08-22-MM-86e6,1000000,2024-02-10,74000000,0.817,60500000,perfect,4,Treatment D,NA,NA,2024-02-23,NA,NA,NA,NA,fd,1/29/2024,NA,NA,NA,NA,NA,NA,NA,NA,NA,NA,NA,NA,NA,NA,17600000,33000,2024-03-22
4,test,LL,2024-01-01,NSG,female,100100,XYZ,XYZ-GFP-CBG-passage2-2023-08-22-MM-86e6,1000000,2024-02-10,74000000,0.817,60500000,perfect,3,Treatment C,NA,NA,2024-02-23,NA,NA,NA,NA,fd,12/23/2023,NA,NA,NA,NA,NA,NA,NA,NA,NA,NA,NA,NA,NA,NA,1560000,2580,2024-02-16
4,test,LL,2024-01-01,NSG,female,100100,XYZ,XYZ-GFP-CBG-passage2-2023-08-22-MM-86e6,1000000,2024-02-10,74000000,0.817,60500000,perfect,3,Treatment C,NA,NA,2024-02-23,NA,NA,NA,NA,fd,12/23/2023,NA,NA,NA,NA,NA,NA,NA,NA,NA,NA,NA,NA,NA,NA,1340000,2390,2024-02-22
4,test,LL,2024-01-01,NSG,female,100100,XYZ,XYZ-GFP-CBG-passage2-2023-08-22-MM-86e6,1000000,2024-02-10,74000000,0.817,60500000,perfect,3,Treatment C,NA,NA,2024-02-23,NA,NA,NA,NA,fd,12/23/2023,NA,NA,NA,NA,NA,NA,NA,NA,NA,NA,NA,NA,NA,NA,11400000,18900,2024-03-01
4,test,LL,2024-01-01,NSG,female,100100,XYZ,XYZ-GFP-CBG-passage2-2023-08-22-MM-86e6,1000000,2024-02-10,74000000,0.817,60500000,perfect,3,Treatment C,NA,NA,2024-02-23,NA,NA,NA,NA,fd,12/23/2023,NA,NA,NA,NA,NA,NA,NA,NA,NA,NA,NA,NA,NA,NA,130000000,221000,2024-03-08
4,test,LL,2024-01-01,NSG,female,100100,XYZ,XYZ-GFP-CBG-passage2-2023-08-22-MM-86e6,1000000,2024-02-10,74000000,0.817,60500000,perfect,3,Treatment C,NA,NA,2024-02-23,NA,NA,NA,NA,fd,12/23/2023,NA,NA,NA,NA,NA,NA,NA,NA,NA,NA,NA,NA,NA,NA,940000000,1630000,2024-03-15
4,test,LL,2024-01-01,NSG,female,100100,XYZ,XYZ-GFP-CBG-passage2-2023-08-22-MM-86e6,1000000,2024-02-10,74000000,0.817,60500000,perfect,3,Treatment C,NA,NA,2024-02-23,NA,NA,NA,NA,fd,12/23/2023,NA,NA,NA,NA,NA,NA,NA,NA,NA,NA,NA,NA,NA,NA,940000000,1630000,2024-03-22
5,test,RR,2024-01-01,NSG,female,100100,XYZ,XYZ-GFP-CBG-passage2-2023-08-22-MM-86e6,1000000,2024-02-10,74000000,0.817,60500000,perfect,4,Treatment D,NA,NA,2024-02-23,NA,NA,NA,NA,fd,1/18/2024,NA,NA,NA,NA,NA,NA,NA,NA,NA,NA,NA,NA,NA,NA,1100000,1920,2024-02-16
5,test,RR,2024-01-01,NSG,female,100100,XYZ,XYZ-GFP-CBG-passage2-2023-08-22-MM-86e6,1000000,2024-02-10,74000000,0.817,60500000,perfect,4,Treatment D,NA,NA,2024-02-23,NA,NA,NA,NA,fd,1/18/2024,NA,NA,NA,NA,NA,NA,NA,NA,NA,NA,NA,NA,NA,NA,1220000,2190,2024-02-22
5,test,RR,2024-01-01,NSG,female,100100,XYZ,XYZ-GFP-CBG-passage2-2023-08-22-MM-86e6,1000000,2024-02-10,74000000,0.817,60500000,perfect,4,Treatment D,NA,NA,2024-02-23,NA,NA,NA,NA,fd,1/18/2024,NA,NA,NA,NA,NA,NA,NA,NA,NA,NA,NA,NA,NA,NA,16800000,35600,2024-03-01
5,test,RR,2024-01-01,NSG,female,100100,XYZ,XYZ-GFP-CBG-passage2-2023-08-22-MM-86e6,1000000,2024-02-10,74000000,0.817,60500000,perfect,4,Treatment D,NA,NA,2024-02-23,NA,NA,NA,NA,fd,1/18/2024,NA,NA,NA,NA,NA,NA,NA,NA,NA,NA,NA,NA,NA,NA,200000000,385000,2024-03-08
5,test,RR,2024-01-01,NSG,female,100100,XYZ,XYZ-GFP-CBG-passage2-2023-08-22-MM-86e6,1000000,2024-02-10,74000000,0.817,60500000,perfect,4,Treatment D,NA,NA,2024-02-23,NA,NA,NA,NA,fd,1/18/2024,NA,NA,NA,NA,NA,NA,NA,NA,NA,NA,NA,NA,NA,NA,715000000,1400000,2024-03-15
5,test,RR,2024-01-01,NSG,female,100100,XYZ,XYZ-GFP-CBG-passage2-2023-08-22-MM-86e6,1000000,2024-02-10,74000000,0.817,60500000,perfect,4,Treatment D,NA,NA,2024-02-23,NA,NA,NA,NA,fd,1/18/2024,NA,NA,NA,NA,NA,NA,NA,NA,NA,NA,NA,NA,NA,NA,715000000,1400000,2024-03-22
6,test,L,2024-01-01,NSG,female,100101,XYZ,XYZ-GFP-CBG-passage2-2023-08-22-MM-86e6,1000000,2024-02-10,74000000,0.817,60500000,perfect,2,Treatment B,NA,NA,2024-02-23,NA,NA,NA,NA,euth,04/04/2024,61600000,0.869,53600000,7,365000000,4,91300000,NA,NA,NA,NA,NA,NA,NA,1250000,2090,2024-02-16
6,test,L,2024-01-01,NSG,female,100101,XYZ,XYZ-GFP-CBG-passage2-2023-08-22-MM-86e6,1000000,2024-02-10,74000000,0.817,60500000,perfect,2,Treatment B,NA,NA,2024-02-23,NA,NA,NA,NA,euth,04/04/2024,61600000,0.869,53600000,7,365000000,4,91300000,NA,NA,NA,NA,NA,NA,NA,1030000,1660,2024-02-22
6,test,L,2024-01-01,NSG,female,100101,XYZ,XYZ-GFP-CBG-passage2-2023-08-22-MM-86e6,1000000,2024-02-10,74000000,0.817,60500000,perfect,2,Treatment B,NA,NA,2024-02-23,NA,NA,NA,NA,euth,04/04/2024,61600000,0.869,53600000,7,365000000,4,91300000,NA,NA,NA,NA,NA,NA,NA,7690000,15000,2024-03-01
6,test,L,2024-01-01,NSG,female,100101,XYZ,XYZ-GFP-CBG-passage2-2023-08-22-MM-86e6,1000000,2024-02-10,74000000,0.817,60500000,perfect,2,Treatment B,NA,NA,2024-02-23,NA,NA,NA,NA,euth,04/04/2024,61600000,0.869,53600000,7,365000000,4,91300000,NA,NA,NA,NA,NA,NA,NA,10900000,19200,2024-03-08
6,test,L,2024-01-01,NSG,female,100101,XYZ,XYZ-GFP-CBG-passage2-2023-08-22-MM-86e6,1000000,2024-02-10,74000000,0.817,60500000,perfect,2,Treatment B,NA,NA,2024-02-23,NA,NA,NA,NA,euth,04/04/2024,61600000,0.869,53600000,7,365000000,4,91300000,NA,NA,NA,NA,NA,NA,NA,4630000,9490,2024-03-15
6,test,L,2024-01-01,NSG,female,100101,XYZ,XYZ-GFP-CBG-passage2-2023-08-22-MM-86e6,1000000,2024-02-10,74000000,0.817,60500000,perfect,2,Treatment B,NA,NA,2024-02-23,NA,NA,NA,NA,euth,04/04/2024,61600000,0.869,53600000,7,365000000,4,91300000,NA,NA,NA,NA,NA,NA,NA,4630000,9490,2024-03-22
7,test,R,2024-01-01,NSG,female,100101,XYZ,XYZ-GFP-CBG-passage2-2023-08-22-MM-86e6,1000000,2024-02-10,74000000,0.817,60500000,very poor,0,Non-study,NA,NA,2024-02-23,NA,NA,NA,NA,fd,1/11/2024,16200000,0.289,4690000,10,46900000,1,46900000,NA,NA,NA,NA,NA,NA,NA,2310000,4050,2024-02-16
7,test,R,2024-01-01,NSG,female,100101,XYZ,XYZ-GFP-CBG-passage2-2023-08-22-MM-86e6,1000000,2024-02-10,74000000,0.817,60500000,very poor,0,Non-study,NA,NA,2024-02-23,NA,NA,NA,NA,fd,1/11/2024,16200000,0.289,4690000,10,46900000,1,46900000,NA,NA,NA,NA,NA,NA,NA,1790000,2920,2024-02-22
7,test,R,2024-01-01,NSG,female,100101,XYZ,XYZ-GFP-CBG-passage2-2023-08-22-MM-86e6,1000000,2024-02-10,74000000,0.817,60500000,very poor,0,Non-study,NA,NA,2024-02-23,NA,NA,NA,NA,fd,1/11/2024,16200000,0.289,4690000,10,46900000,1,46900000,NA,NA,NA,NA,NA,NA,NA,16000000,27900,2024-03-01
7,test,R,2024-01-01,NSG,female,100101,XYZ,XYZ-GFP-CBG-passage2-2023-08-22-MM-86e6,1000000,2024-02-10,74000000,0.817,60500000,very poor,0,Non-study,NA,NA,2024-02-23,NA,NA,NA,NA,fd,1/11/2024,16200000,0.289,4690000,10,46900000,1,46900000,NA,NA,NA,NA,NA,NA,NA,207000000,456000,2024-03-08
7,test,R,2024-01-01,NSG,female,100101,XYZ,XYZ-GFP-CBG-passage2-2023-08-22-MM-86e6,1000000,2024-02-10,74000000,0.817,60500000,very poor,0,Non-study,NA,NA,2024-02-23,NA,NA,NA,NA,fd,1/11/2024,16200000,0.289,4690000,10,46900000,1,46900000,NA,NA,NA,NA,NA,NA,NA,1220000000,2190000,2024-03-15
7,test,R,2024-01-01,NSG,female,100101,XYZ,XYZ-GFP-CBG-passage2-2023-08-22-MM-86e6,1000000,2024-02-10,74000000,0.817,60500000,very poor,0,Non-study,NA,NA,2024-02-23,NA,NA,NA,NA,fd,1/11/2024,16200000,0.289,4690000,10,46900000,1,46900000,NA,NA,NA,NA,NA,NA,NA,1220000000,2190000,2024-03-22
8,test,LR,2024-01-01,NSG,female,100101,XYZ,XYZ-GFP-CBG-passage2-2023-08-22-MM-86e6,1000000,2024-02-10,74000000,0.817,60500000,perivascular,0,Non-study,NA,NA,2024-02-23,NA,NA,NA,NA,fd,2/21/2024,NA,NA,NA,NA,NA,NA,NA,NA,NA,NA,NA,NA,NA,NA,1370000,2400,2024-02-16
8,test,LR,2024-01-01,NSG,female,100101,XYZ,XYZ-GFP-CBG-passage2-2023-08-22-MM-86e6,1000000,2024-02-10,74000000,0.817,60500000,perivascular,0,Non-study,NA,NA,2024-02-23,NA,NA,NA,NA,fd,2/21/2024,NA,NA,NA,NA,NA,NA,NA,NA,NA,NA,NA,NA,NA,NA,863000,1810,2024-02-22
8,test,LR,2024-01-01,NSG,female,100101,XYZ,XYZ-GFP-CBG-passage2-2023-08-22-MM-86e6,1000000,2024-02-10,74000000,0.817,60500000,perivascular,0,Non-study,NA,NA,2024-02-23,NA,NA,NA,NA,fd,2/21/2024,NA,NA,NA,NA,NA,NA,NA,NA,NA,NA,NA,NA,NA,NA,13500000,25500,2024-03-01
8,test,LR,2024-01-01,NSG,female,100101,XYZ,XYZ-GFP-CBG-passage2-2023-08-22-MM-86e6,1000000,2024-02-10,74000000,0.817,60500000,perivascular,0,Non-study,NA,NA,2024-02-23,NA,NA,NA,NA,fd,2/21/2024,NA,NA,NA,NA,NA,NA,NA,NA,NA,NA,NA,NA,NA,NA,198000000,371000,2024-03-08
8,test,LR,2024-01-01,NSG,female,100101,XYZ,XYZ-GFP-CBG-passage2-2023-08-22-MM-86e6,1000000,2024-02-10,74000000,0.817,60500000,perivascular,0,Non-study,NA,NA,2024-02-23,NA,NA,NA,NA,fd,2/21/2024,NA,NA,NA,NA,NA,NA,NA,NA,NA,NA,NA,NA,NA,NA,1270000000,2350000,2024-03-15
8,test,LR,2024-01-01,NSG,female,100101,XYZ,XYZ-GFP-CBG-passage2-2023-08-22-MM-86e6,1000000,2024-02-10,74000000,0.817,60500000,perivascular,0,Non-study,NA,NA,2024-02-23,NA,NA,NA,NA,fd,2/21/2024,NA,NA,NA,NA,NA,NA,NA,NA,NA,NA,NA,NA,NA,NA,1270000000,2350000,2024-03-22
9,test,LL,2024-01-01,NSG,female,100101,XYZ,XYZ-GFP-CBG-passage2-2023-08-22-MM-86e6,1000000,2024-02-10,74000000,0.817,60500000,perfect,2,Treatment B,NA,NA,2024-02-23,NA,NA,NA,NA,fd,1/2/2024,NA,NA,NA,NA,NA,NA,NA,NA,NA,NA,NA,NA,NA,NA,1080000,1940,2024-02-16
9,test,LL,2024-01-01,NSG,female,100101,XYZ,XYZ-GFP-CBG-passage2-2023-08-22-MM-86e6,1000000,2024-02-10,74000000,0.817,60500000,perfect,2,Treatment B,NA,NA,2024-02-23,NA,NA,NA,NA,fd,1/2/2024,NA,NA,NA,NA,NA,NA,NA,NA,NA,NA,NA,NA,NA,NA,1480000,2690,2024-02-22
9,test,LL,2024-01-01,NSG,female,100101,XYZ,XYZ-GFP-CBG-passage2-2023-08-22-MM-86e6,1000000,2024-02-10,74000000,0.817,60500000,perfect,2,Treatment B,NA,NA,2024-02-23,NA,NA,NA,NA,fd,1/2/2024,NA,NA,NA,NA,NA,NA,NA,NA,NA,NA,NA,NA,NA,NA,8590000,15900,2024-03-01
9,test,LL,2024-01-01,NSG,female,100101,XYZ,XYZ-GFP-CBG-passage2-2023-08-22-MM-86e6,1000000,2024-02-10,74000000,0.817,60500000,perfect,2,Treatment B,NA,NA,2024-02-23,NA,NA,NA,NA,fd,1/2/2024,NA,NA,NA,NA,NA,NA,NA,NA,NA,NA,NA,NA,NA,NA,166000000,311000,2024-03-08
9,test,LL,2024-01-01,NSG,female,100101,XYZ,XYZ-GFP-CBG-passage2-2023-08-22-MM-86e6,1000000,2024-02-10,74000000,0.817,60500000,perfect,2,Treatment B,NA,NA,2024-02-23,NA,NA,NA,NA,fd,1/2/2024,NA,NA,NA,NA,NA,NA,NA,NA,NA,NA,NA,NA,NA,NA,1200000000,2150000,2024-03-15
9,test,LL,2024-01-01,NSG,female,100101,XYZ,XYZ-GFP-CBG-passage2-2023-08-22-MM-86e6,1000000,2024-02-10,74000000,0.817,60500000,perfect,2,Treatment B,NA,NA,2024-02-23,NA,NA,NA,NA,fd,1/2/2024,NA,NA,NA,NA,NA,NA,NA,NA,NA,NA,NA,NA,NA,NA,1200000000,2150000,2024-03-22
10,test,RR,2024-01-01,NSG,female,100101,XYZ,XYZ-GFP-CBG-passage2-2023-08-22-MM-86e6,1000000,2024-02-10,74000000,0.817,60500000,perfect,4,Treatment D,NA,NA,2024-02-23,NA,NA,NA,NA,fd,1/8/2024,NA,NA,NA,NA,NA,NA,NA,NA,NA,NA,NA,NA,NA,NA,1350000,2330,2024-02-16
10,test,RR,2024-01-01,NSG,female,100101,XYZ,XYZ-GFP-CBG-passage2-2023-08-22-MM-86e6,1000000,2024-02-10,74000000,0.817,60500000,perfect,4,Treatment D,NA,NA,2024-02-23,NA,NA,NA,NA,fd,1/8/2024,NA,NA,NA,NA,NA,NA,NA,NA,NA,NA,NA,NA,NA,NA,1040000,1680,2024-02-22
10,test,RR,2024-01-01,NSG,female,100101,XYZ,XYZ-GFP-CBG-passage2-2023-08-22-MM-86e6,1000000,2024-02-10,74000000,0.817,60500000,perfect,4,Treatment D,NA,NA,2024-02-23,NA,NA,NA,NA,fd,1/8/2024,NA,NA,NA,NA,NA,NA,NA,NA,NA,NA,NA,NA,NA,NA,1100000,2210,2024-03-01
10,test,RR,2024-01-01,NSG,female,100101,XYZ,XYZ-GFP-CBG-passage2-2023-08-22-MM-86e6,1000000,2024-02-10,74000000,0.817,60500000,perfect,4,Treatment D,NA,NA,2024-02-23,NA,NA,NA,NA,fd,1/8/2024,NA,NA,NA,NA,NA,NA,NA,NA,NA,NA,NA,NA,NA,NA,94200000,170000,2024-03-08
10,test,RR,2024-01-01,NSG,female,100101,XYZ,XYZ-GFP-CBG-passage2-2023-08-22-MM-86e6,1000000,2024-02-10,74000000,0.817,60500000,perfect,4,Treatment D,NA,NA,2024-02-23,NA,NA,NA,NA,fd,1/8/2024,NA,NA,NA,NA,NA,NA,NA,NA,NA,NA,NA,NA,NA,NA,386000000,782000,2024-03-15
10,test,RR,2024-01-01,NSG,female,100101,XYZ,XYZ-GFP-CBG-passage2-2023-08-22-MM-86e6,1000000,2024-02-10,74000000,0.817,60500000,perfect,4,Treatment D,NA,NA,2024-02-23,NA,NA,NA,NA,fd,1/8/2024,NA,NA,NA,NA,NA,NA,NA,NA,NA,NA,NA,NA,NA,NA,386000000,782000,2024-03-22
11,test,L,2024-01-01,NSG,female,100102,XYZ,XYZ-GFP-CBG-passage2-2023-08-22-MM-86e6,1000000,2024-02-10,74000000,0.817,60500000,perfect,1,Treatment A,NA,NA,2024-02-23,NA,NA,NA,NA,fd,1/16/2024,NA,NA,NA,NA,NA,NA,NA,NA,NA,NA,NA,NA,NA,NA,1460000,2680,2024-02-16
11,test,L,2024-01-01,NSG,female,100102,XYZ,XYZ-GFP-CBG-passage2-2023-08-22-MM-86e6,1000000,2024-02-10,74000000,0.817,60500000,perfect,1,Treatment A,NA,NA,2024-02-23,NA,NA,NA,NA,fd,1/16/2024,NA,NA,NA,NA,NA,NA,NA,NA,NA,NA,NA,NA,NA,NA,1110000,1820,2024-02-22
11,test,L,2024-01-01,NSG,female,100102,XYZ,XYZ-GFP-CBG-passage2-2023-08-22-MM-86e6,1000000,2024-02-10,74000000,0.817,60500000,perfect,1,Treatment A,NA,NA,2024-02-23,NA,NA,NA,NA,fd,1/16/2024,NA,NA,NA,NA,NA,NA,NA,NA,NA,NA,NA,NA,NA,NA,26800000,57300,2024-03-01
11,test,L,2024-01-01,NSG,female,100102,XYZ,XYZ-GFP-CBG-passage2-2023-08-22-MM-86e6,1000000,2024-02-10,74000000,0.817,60500000,perfect,1,Treatment A,NA,NA,2024-02-23,NA,NA,NA,NA,fd,1/16/2024,NA,NA,NA,NA,NA,NA,NA,NA,NA,NA,NA,NA,NA,NA,313000000,685000,2024-03-08
11,test,L,2024-01-01,NSG,female,100102,XYZ,XYZ-GFP-CBG-passage2-2023-08-22-MM-86e6,1000000,2024-02-10,74000000,0.817,60500000,perfect,1,Treatment A,NA,NA,2024-02-23,NA,NA,NA,NA,fd,1/16/2024,NA,NA,NA,NA,NA,NA,NA,NA,NA,NA,NA,NA,NA,NA,1420000000,2690000,2024-03-15
11,test,L,2024-01-01,NSG,female,100102,XYZ,XYZ-GFP-CBG-passage2-2023-08-22-MM-86e6,1000000,2024-02-10,74000000,0.817,60500000,perfect,1,Treatment A,NA,NA,2024-02-23,NA,NA,NA,NA,fd,1/16/2024,NA,NA,NA,NA,NA,NA,NA,NA,NA,NA,NA,NA,NA,NA,1420000000,2690000,2024-03-22
12,test,R,2024-01-01,NSG,female,100102,XYZ,XYZ-GFP-CBG-passage2-2023-08-22-MM-86e6,1000000,2024-02-10,74000000,0.817,60500000,perfect,4,Treatment D,NA,NA,2024-02-23,NA,NA,NA,NA,fd,2/16/2024,NA,NA,NA,NA,NA,NA,NA,NA,NA,NA,NA,NA,NA,NA,1370000,2430,2024-02-16
12,test,R,2024-01-01,NSG,female,100102,XYZ,XYZ-GFP-CBG-passage2-2023-08-22-MM-86e6,1000000,2024-02-10,74000000,0.817,60500000,perfect,4,Treatment D,NA,NA,2024-02-23,NA,NA,NA,NA,fd,2/16/2024,NA,NA,NA,NA,NA,NA,NA,NA,NA,NA,NA,NA,NA,NA,1230000,2390,2024-02-22
12,test,R,2024-01-01,NSG,female,100102,XYZ,XYZ-GFP-CBG-passage2-2023-08-22-MM-86e6,1000000,2024-02-10,74000000,0.817,60500000,perfect,4,Treatment D,NA,NA,2024-02-23,NA,NA,NA,NA,fd,2/16/2024,NA,NA,NA,NA,NA,NA,NA,NA,NA,NA,NA,NA,NA,NA,11500000,21900,2024-03-01
12,test,R,2024-01-01,NSG,female,100102,XYZ,XYZ-GFP-CBG-passage2-2023-08-22-MM-86e6,1000000,2024-02-10,74000000,0.817,60500000,perfect,4,Treatment D,NA,NA,2024-02-23,NA,NA,NA,NA,fd,2/16/2024,NA,NA,NA,NA,NA,NA,NA,NA,NA,NA,NA,NA,NA,NA,22700000,44700,2024-03-08
12,test,R,2024-01-01,NSG,female,100102,XYZ,XYZ-GFP-CBG-passage2-2023-08-22-MM-86e6,1000000,2024-02-10,74000000,0.817,60500000,perfect,4,Treatment D,NA,NA,2024-02-23,NA,NA,NA,NA,fd,2/16/2024,NA,NA,NA,NA,NA,NA,NA,NA,NA,NA,NA,NA,NA,NA,3710000,6800,2024-03-15
12,test,R,2024-01-01,NSG,female,100102,XYZ,XYZ-GFP-CBG-passage2-2023-08-22-MM-86e6,1000000,2024-02-10,74000000,0.817,60500000,perfect,4,Treatment D,NA,NA,2024-02-23,NA,NA,NA,NA,fd,2/16/2024,NA,NA,NA,NA,NA,NA,NA,NA,NA,NA,NA,NA,NA,NA,3710000,6800,2024-03-22
13,test,LR,2024-01-01,NSG,female,100102,XYZ,XYZ-GFP-CBG-passage2-2023-08-22-MM-86e6,1000000,2024-02-10,74000000,0.817,60500000,very poor,3,Treatment C,NA,NA,2024-02-23,NA,NA,NA,NA,fd,1/17/2024,NA,NA,NA,NA,NA,NA,NA,NA,NA,NA,NA,NA,NA,NA,1590000,2640,2024-02-16
13,test,LR,2024-01-01,NSG,female,100102,XYZ,XYZ-GFP-CBG-passage2-2023-08-22-MM-86e6,1000000,2024-02-10,74000000,0.817,60500000,very poor,3,Treatment C,NA,NA,2024-02-23,NA,NA,NA,NA,fd,1/17/2024,NA,NA,NA,NA,NA,NA,NA,NA,NA,NA,NA,NA,NA,NA,1160000,1940,2024-02-22
13,test,LR,2024-01-01,NSG,female,100102,XYZ,XYZ-GFP-CBG-passage2-2023-08-22-MM-86e6,1000000,2024-02-10,74000000,0.817,60500000,very poor,3,Treatment C,NA,NA,2024-02-23,NA,NA,NA,NA,fd,1/17/2024,NA,NA,NA,NA,NA,NA,NA,NA,NA,NA,NA,NA,NA,NA,8230000,15900,2024-03-01
13,test,LR,2024-01-01,NSG,female,100102,XYZ,XYZ-GFP-CBG-passage2-2023-08-22-MM-86e6,1000000,2024-02-10,74000000,0.817,60500000,very poor,3,Treatment C,NA,NA,2024-02-23,NA,NA,NA,NA,fd,1/17/2024,NA,NA,NA,NA,NA,NA,NA,NA,NA,NA,NA,NA,NA,NA,209000000,378000,2024-03-08
13,test,LR,2024-01-01,NSG,female,100102,XYZ,XYZ-GFP-CBG-passage2-2023-08-22-MM-86e6,1000000,2024-02-10,74000000,0.817,60500000,very poor,3,Treatment C,NA,NA,2024-02-23,NA,NA,NA,NA,fd,1/17/2024,NA,NA,NA,NA,NA,NA,NA,NA,NA,NA,NA,NA,NA,NA,921000000,1720000,2024-03-15
13,test,LR,2024-01-01,NSG,female,100102,XYZ,XYZ-GFP-CBG-passage2-2023-08-22-MM-86e6,1000000,2024-02-10,74000000,0.817,60500000,very poor,3,Treatment C,NA,NA,2024-02-23,NA,NA,NA,NA,fd,1/17/2024,NA,NA,NA,NA,NA,NA,NA,NA,NA,NA,NA,NA,NA,NA,921000000,1720000,2024-03-22
14,test,LL,2024-01-01,NSG,female,100102,XYZ,XYZ-GFP-CBG-passage2-2023-08-22-MM-86e6,1000000,2024-02-10,74000000,0.817,60500000,perfect,0,Non-study,NA,NA,2024-02-23,NA,NA,NA,NA,fd,04/04/2024,NA,NA,NA,NA,NA,NA,NA,NA,NA,NA,NA,NA,NA,NA,1730000,2850,2024-02-16
14,test,LL,2024-01-01,NSG,female,100102,XYZ,XYZ-GFP-CBG-passage2-2023-08-22-MM-86e6,1000000,2024-02-10,74000000,0.817,60500000,perfect,0,Non-study,NA,NA,2024-02-23,NA,NA,NA,NA,fd,04/04/2024,NA,NA,NA,NA,NA,NA,NA,NA,NA,NA,NA,NA,NA,NA,982000,1720,2024-02-22
14,test,LL,2024-01-01,NSG,female,100102,XYZ,XYZ-GFP-CBG-passage2-2023-08-22-MM-86e6,1000000,2024-02-10,74000000,0.817,60500000,perfect,0,Non-study,NA,NA,2024-02-23,NA,NA,NA,NA,fd,04/04/2024,NA,NA,NA,NA,NA,NA,NA,NA,NA,NA,NA,NA,NA,NA,7830000,18800,2024-03-01
14,test,LL,2024-01-01,NSG,female,100102,XYZ,XYZ-GFP-CBG-passage2-2023-08-22-MM-86e6,1000000,2024-02-10,74000000,0.817,60500000,perfect,0,Non-study,NA,NA,2024-02-23,NA,NA,NA,NA,fd,04/04/2024,NA,NA,NA,NA,NA,NA,NA,NA,NA,NA,NA,NA,NA,NA,38600000,73700,2024-03-08
14,test,LL,2024-01-01,NSG,female,100102,XYZ,XYZ-GFP-CBG-passage2-2023-08-22-MM-86e6,1000000,2024-02-10,74000000,0.817,60500000,perfect,0,Non-study,NA,NA,2024-02-23,NA,NA,NA,NA,fd,04/04/2024,NA,NA,NA,NA,NA,NA,NA,NA,NA,NA,NA,NA,NA,NA,16000000,27300,2024-03-15
14,test,LL,2024-01-01,NSG,female,100102,XYZ,XYZ-GFP-CBG-passage2-2023-08-22-MM-86e6,1000000,2024-02-10,74000000,0.817,60500000,perfect,0,Non-study,NA,NA,2024-02-23,NA,NA,NA,NA,fd,04/04/2024,NA,NA,NA,NA,NA,NA,NA,NA,NA,NA,NA,NA,NA,NA,16000000,27300,2024-03-22
15,test,RR,2024-01-01,NSG,female,100102,XYZ,XYZ-GFP-CBG-passage2-2023-08-22-MM-86e6,1000000,2024-02-10,74000000,0.817,60500000,perfect,3,Treatment C,NA,NA,2024-02-23,NA,NA,NA,NA,fd,1/8/2024,NA,NA,NA,NA,NA,NA,NA,NA,NA,NA,NA,NA,NA,NA,970000,1660,2024-02-16
15,test,RR,2024-01-01,NSG,female,100102,XYZ,XYZ-GFP-CBG-passage2-2023-08-22-MM-86e6,1000000,2024-02-10,74000000,0.817,60500000,perfect,3,Treatment C,NA,NA,2024-02-23,NA,NA,NA,NA,fd,1/8/2024,NA,NA,NA,NA,NA,NA,NA,NA,NA,NA,NA,NA,NA,NA,1220000,1970,2024-02-22
15,test,RR,2024-01-01,NSG,female,100102,XYZ,XYZ-GFP-CBG-passage2-2023-08-22-MM-86e6,1000000,2024-02-10,74000000,0.817,60500000,perfect,3,Treatment C,NA,NA,2024-02-23,NA,NA,NA,NA,fd,1/8/2024,NA,NA,NA,NA,NA,NA,NA,NA,NA,NA,NA,NA,NA,NA,12500000,22700,2024-03-01
15,test,RR,2024-01-01,NSG,female,100102,XYZ,XYZ-GFP-CBG-passage2-2023-08-22-MM-86e6,1000000,2024-02-10,74000000,0.817,60500000,perfect,3,Treatment C,NA,NA,2024-02-23,NA,NA,NA,NA,fd,1/8/2024,NA,NA,NA,NA,NA,NA,NA,NA,NA,NA,NA,NA,NA,NA,172000000,305000,2024-03-08
15,test,RR,2024-01-01,NSG,female,100102,XYZ,XYZ-GFP-CBG-passage2-2023-08-22-MM-86e6,1000000,2024-02-10,74000000,0.817,60500000,perfect,3,Treatment C,NA,NA,2024-02-23,NA,NA,NA,NA,fd,1/8/2024,NA,NA,NA,NA,NA,NA,NA,NA,NA,NA,NA,NA,NA,NA,906000000,1560000,2024-03-15
15,test,RR,2024-01-01,NSG,female,100102,XYZ,XYZ-GFP-CBG-passage2-2023-08-22-MM-86e6,1000000,2024-02-10,74000000,0.817,60500000,perfect,3,Treatment C,NA,NA,2024-02-23,NA,NA,NA,NA,fd,1/8/2024,NA,NA,NA,NA,NA,NA,NA,NA,NA,NA,NA,NA,NA,NA,906000000,1560000,2024-03-22
16,test,L,2024-01-01,NSG,female,100103,XYZ,XYZ-GFP-CBG-passage2-2023-08-22-MM-86e6,1000000,2024-02-10,74000000,0.817,60500000,perfect,2,Treatment B,NA,NA,2024-02-23,NA,NA,NA,NA,sac,1/12/2024,40900000,0.914,37400000,11,411000000,5,82300000,NA,NA,NA,NA,NA,NA,NA,2100000,3770,2024-02-16
16,test,L,2024-01-01,NSG,female,100103,XYZ,XYZ-GFP-CBG-passage2-2023-08-22-MM-86e6,1000000,2024-02-10,74000000,0.817,60500000,perfect,2,Treatment B,NA,NA,2024-02-23,NA,NA,NA,NA,sac,1/12/2024,40900000,0.914,37400000,11,411000000,5,82300000,NA,NA,NA,NA,NA,NA,NA,1630000,2650,2024-02-22
16,test,L,2024-01-01,NSG,female,100103,XYZ,XYZ-GFP-CBG-passage2-2023-08-22-MM-86e6,1000000,2024-02-10,74000000,0.817,60500000,perfect,2,Treatment B,NA,NA,2024-02-23,NA,NA,NA,NA,sac,1/12/2024,40900000,0.914,37400000,11,411000000,5,82300000,NA,NA,NA,NA,NA,NA,NA,5100000,8830,2024-03-01
16,test,L,2024-01-01,NSG,female,100103,XYZ,XYZ-GFP-CBG-passage2-2023-08-22-MM-86e6,1000000,2024-02-10,74000000,0.817,60500000,perfect,2,Treatment B,NA,NA,2024-02-23,NA,NA,NA,NA,sac,1/12/2024,40900000,0.914,37400000,11,411000000,5,82300000,NA,NA,NA,NA,NA,NA,NA,45300000,102000,2024-03-08
16,test,L,2024-01-01,NSG,female,100103,XYZ,XYZ-GFP-CBG-passage2-2023-08-22-MM-86e6,1000000,2024-02-10,74000000,0.817,60500000,perfect,2,Treatment B,NA,NA,2024-02-23,NA,NA,NA,NA,sac,1/12/2024,40900000,0.914,37400000,11,411000000,5,82300000,NA,NA,NA,NA,NA,NA,NA,494000000,820000,2024-03-15
16,test,L,2024-01-01,NSG,female,100103,XYZ,XYZ-GFP-CBG-passage2-2023-08-22-MM-86e6,1000000,2024-02-10,74000000,0.817,60500000,perfect,2,Treatment B,NA,NA,2024-02-23,NA,NA,NA,NA,sac,1/12/2024,40900000,0.914,37400000,11,411000000,5,82300000,NA,NA,NA,NA,NA,NA,NA,494000000,820000,2024-03-22
17,test,R,2024-01-01,NSG,female,100103,XYZ,XYZ-GFP-CBG-passage2-2023-08-22-MM-86e6,1000000,2024-02-10,74000000,0.817,60500000,perfect,2,Treatment B,NA,NA,2024-02-23,NA,NA,NA,NA,euth,1/10/2024,38300000,0.856,32800000,10,328000000,4,82000000,NA,NA,NA,NA,NA,NA,NA,1780000,3380,2024-02-16
17,test,R,2024-01-01,NSG,female,100103,XYZ,XYZ-GFP-CBG-passage2-2023-08-22-MM-86e6,1000000,2024-02-10,74000000,0.817,60500000,perfect,2,Treatment B,NA,NA,2024-02-23,NA,NA,NA,NA,euth,1/10/2024,38300000,0.856,32800000,10,328000000,4,82000000,NA,NA,NA,NA,NA,NA,NA,991000,1910,2024-02-22
17,test,R,2024-01-01,NSG,female,100103,XYZ,XYZ-GFP-CBG-passage2-2023-08-22-MM-86e6,1000000,2024-02-10,74000000,0.817,60500000,perfect,2,Treatment B,NA,NA,2024-02-23,NA,NA,NA,NA,euth,1/10/2024,38300000,0.856,32800000,10,328000000,4,82000000,NA,NA,NA,NA,NA,NA,NA,11600000,20400,2024-03-01
17,test,R,2024-01-01,NSG,female,100103,XYZ,XYZ-GFP-CBG-passage2-2023-08-22-MM-86e6,1000000,2024-02-10,74000000,0.817,60500000,perfect,2,Treatment B,NA,NA,2024-02-23,NA,NA,NA,NA,euth,1/10/2024,38300000,0.856,32800000,10,328000000,4,82000000,NA,NA,NA,NA,NA,NA,NA,160000000,354000,2024-03-08
17,test,R,2024-01-01,NSG,female,100103,XYZ,XYZ-GFP-CBG-passage2-2023-08-22-MM-86e6,1000000,2024-02-10,74000000,0.817,60500000,perfect,2,Treatment B,NA,NA,2024-02-23,NA,NA,NA,NA,euth,1/10/2024,38300000,0.856,32800000,10,328000000,4,82000000,NA,NA,NA,NA,NA,NA,NA,970000000,1560000,2024-03-15
17,test,R,2024-01-01,NSG,female,100103,XYZ,XYZ-GFP-CBG-passage2-2023-08-22-MM-86e6,1000000,2024-02-10,74000000,0.817,60500000,perfect,2,Treatment B,NA,NA,2024-02-23,NA,NA,NA,NA,euth,1/10/2024,38300000,0.856,32800000,10,328000000,4,82000000,NA,NA,NA,NA,NA,NA,NA,970000000,1560000,2024-03-22
18,test,LR,2024-01-01,NSG,female,100103,XYZ,XYZ-GFP-CBG-passage2-2023-08-22-MM-86e6,1000000,2024-02-10,74000000,0.817,60500000,perivascular,4,Treatment D,NA,NA,2024-02-23,NA,NA,NA,NA,fd,2/2/2024,NA,NA,NA,NA,NA,NA,NA,NA,NA,NA,NA,NA,NA,NA,2800000,5240,2024-02-16
18,test,LR,2024-01-01,NSG,female,100103,XYZ,XYZ-GFP-CBG-passage2-2023-08-22-MM-86e6,1000000,2024-02-10,74000000,0.817,60500000,perivascular,4,Treatment D,NA,NA,2024-02-23,NA,NA,NA,NA,fd,2/2/2024,NA,NA,NA,NA,NA,NA,NA,NA,NA,NA,NA,NA,NA,NA,1660000,2880,2024-02-22
18,test,LR,2024-01-01,NSG,female,100103,XYZ,XYZ-GFP-CBG-passage2-2023-08-22-MM-86e6,1000000,2024-02-10,74000000,0.817,60500000,perivascular,4,Treatment D,NA,NA,2024-02-23,NA,NA,NA,NA,fd,2/2/2024,NA,NA,NA,NA,NA,NA,NA,NA,NA,NA,NA,NA,NA,NA,16500000,30100,2024-03-01
18,test,LR,2024-01-01,NSG,female,100103,XYZ,XYZ-GFP-CBG-passage2-2023-08-22-MM-86e6,1000000,2024-02-10,74000000,0.817,60500000,perivascular,4,Treatment D,NA,NA,2024-02-23,NA,NA,NA,NA,fd,2/2/2024,NA,NA,NA,NA,NA,NA,NA,NA,NA,NA,NA,NA,NA,NA,183000000,358000,2024-03-08
18,test,LR,2024-01-01,NSG,female,100103,XYZ,XYZ-GFP-CBG-passage2-2023-08-22-MM-86e6,1000000,2024-02-10,74000000,0.817,60500000,perivascular,4,Treatment D,NA,NA,2024-02-23,NA,NA,NA,NA,fd,2/2/2024,NA,NA,NA,NA,NA,NA,NA,NA,NA,NA,NA,NA,NA,NA,522000000,909000,2024-03-15
18,test,LR,2024-01-01,NSG,female,100103,XYZ,XYZ-GFP-CBG-passage2-2023-08-22-MM-86e6,1000000,2024-02-10,74000000,0.817,60500000,perivascular,4,Treatment D,NA,NA,2024-02-23,NA,NA,NA,NA,fd,2/2/2024,NA,NA,NA,NA,NA,NA,NA,NA,NA,NA,NA,NA,NA,NA,522000000,909000,2024-03-22
19,test,LL,2024-01-01,NSG,female,100103,XYZ,XYZ-GFP-CBG-passage2-2023-08-22-MM-86e6,1000000,2024-02-10,74000000,0.817,60500000,perfect,0,Non-study,NA,NA,2024-02-23,NA,NA,NA,NA,euth,1/30/2024,68200000,0.882,60100000,14.5,871000000,10,87100000,NA,NA,NA,NA,NA,NA,NA,5140000,9330,2024-02-16
19,test,LL,2024-01-01,NSG,female,100103,XYZ,XYZ-GFP-CBG-passage2-2023-08-22-MM-86e6,1000000,2024-02-10,74000000,0.817,60500000,perfect,0,Non-study,NA,NA,2024-02-23,NA,NA,NA,NA,euth,1/30/2024,68200000,0.882,60100000,14.5,871000000,10,87100000,NA,NA,NA,NA,NA,NA,NA,2760000,4530,2024-02-22
19,test,LL,2024-01-01,NSG,female,100103,XYZ,XYZ-GFP-CBG-passage2-2023-08-22-MM-86e6,1000000,2024-02-10,74000000,0.817,60500000,perfect,0,Non-study,NA,NA,2024-02-23,NA,NA,NA,NA,euth,1/30/2024,68200000,0.882,60100000,14.5,871000000,10,87100000,NA,NA,NA,NA,NA,NA,NA,4750000,9750,2024-03-01
19,test,LL,2024-01-01,NSG,female,100103,XYZ,XYZ-GFP-CBG-passage2-2023-08-22-MM-86e6,1000000,2024-02-10,74000000,0.817,60500000,perfect,0,Non-study,NA,NA,2024-02-23,NA,NA,NA,NA,euth,1/30/2024,68200000,0.882,60100000,14.5,871000000,10,87100000,NA,NA,NA,NA,NA,NA,NA,45700000,92900,2024-03-08
19,test,LL,2024-01-01,NSG,female,100103,XYZ,XYZ-GFP-CBG-passage2-2023-08-22-MM-86e6,1000000,2024-02-10,74000000,0.817,60500000,perfect,0,Non-study,NA,NA,2024-02-23,NA,NA,NA,NA,euth,1/30/2024,68200000,0.882,60100000,14.5,871000000,10,87100000,NA,NA,NA,NA,NA,NA,NA,385000000,783000,2024-03-15
19,test,LL,2024-01-01,NSG,female,100103,XYZ,XYZ-GFP-CBG-passage2-2023-08-22-MM-86e6,1000000,2024-02-10,74000000,0.817,60500000,perfect,0,Non-study,NA,NA,2024-02-23,NA,NA,NA,NA,euth,1/30/2024,68200000,0.882,60100000,14.5,871000000,10,87100000,NA,NA,NA,NA,NA,NA,NA,385000000,783000,2024-03-22
20,test,RR,2024-01-01,NSG,female,100103,XYZ,XYZ-GFP-CBG-passage2-2023-08-22-MM-86e6,1000000,2024-02-10,74000000,0.817,60500000,perfect,1,Treatment A,NA,NA,2024-02-23,NA,NA,NA,NA,fd,2/15/2024,NA,NA,NA,NA,NA,NA,NA,NA,NA,NA,NA,NA,NA,NA,2220000,3860,2024-02-16
20,test,RR,2024-01-01,NSG,female,100103,XYZ,XYZ-GFP-CBG-passage2-2023-08-22-MM-86e6,1000000,2024-02-10,74000000,0.817,60500000,perfect,1,Treatment A,NA,NA,2024-02-23,NA,NA,NA,NA,fd,2/15/2024,NA,NA,NA,NA,NA,NA,NA,NA,NA,NA,NA,NA,NA,NA,2150000,3770,2024-02-22
20,test,RR,2024-01-01,NSG,female,100103,XYZ,XYZ-GFP-CBG-passage2-2023-08-22-MM-86e6,1000000,2024-02-10,74000000,0.817,60500000,perfect,1,Treatment A,NA,NA,2024-02-23,NA,NA,NA,NA,fd,2/15/2024,NA,NA,NA,NA,NA,NA,NA,NA,NA,NA,NA,NA,NA,NA,9450000,19100,2024-03-01
20,test,RR,2024-01-01,NSG,female,100103,XYZ,XYZ-GFP-CBG-passage2-2023-08-22-MM-86e6,1000000,2024-02-10,74000000,0.817,60500000,perfect,1,Treatment A,NA,NA,2024-02-23,NA,NA,NA,NA,fd,2/15/2024,NA,NA,NA,NA,NA,NA,NA,NA,NA,NA,NA,NA,NA,NA,129000000,221000,2024-03-08
20,test,RR,2024-01-01,NSG,female,100103,XYZ,XYZ-GFP-CBG-passage2-2023-08-22-MM-86e6,1000000,2024-02-10,74000000,0.817,60500000,perfect,1,Treatment A,NA,NA,2024-02-23,NA,NA,NA,NA,fd,2/15/2024,NA,NA,NA,NA,NA,NA,NA,NA,NA,NA,NA,NA,NA,NA,912000000,1690000,2024-03-15
20,test,RR,2024-01-01,NSG,female,100103,XYZ,XYZ-GFP-CBG-passage2-2023-08-22-MM-86e6,1000000,2024-02-10,74000000,0.817,60500000,perfect,1,Treatment A,NA,NA,2024-02-23,NA,NA,NA,NA,fd,2/15/2024,NA,NA,NA,NA,NA,NA,NA,NA,NA,NA,NA,NA,NA,NA,912000000,1690000,2024-03-22
21,test,L,2024-01-01,NSG,female,100104,XYZ,XYZ-GFP-CBG-passage2-2023-08-22-MM-86e6,1000000,2024-02-10,74000000,0.817,60500000,perfect,3,Treatment C,NA,NA,2024-02-23,NA,NA,NA,NA,sac,1/17/2024,63100000,0.913,57600000,10,576000000,6,96000000,NA,NA,NA,NA,NA,NA,NA,2260000,3990,2024-02-16
21,test,L,2024-01-01,NSG,female,100104,XYZ,XYZ-GFP-CBG-passage2-2023-08-22-MM-86e6,1000000,2024-02-10,74000000,0.817,60500000,perfect,3,Treatment C,NA,NA,2024-02-23,NA,NA,NA,NA,sac,1/17/2024,63100000,0.913,57600000,10,576000000,6,96000000,NA,NA,NA,NA,NA,NA,NA,1180000,2210,2024-02-22
21,test,L,2024-01-01,NSG,female,100104,XYZ,XYZ-GFP-CBG-passage2-2023-08-22-MM-86e6,1000000,2024-02-10,74000000,0.817,60500000,perfect,3,Treatment C,NA,NA,2024-02-23,NA,NA,NA,NA,sac,1/17/2024,63100000,0.913,57600000,10,576000000,6,96000000,NA,NA,NA,NA,NA,NA,NA,9280000,17100,2024-03-01
21,test,L,2024-01-01,NSG,female,100104,XYZ,XYZ-GFP-CBG-passage2-2023-08-22-MM-86e6,1000000,2024-02-10,74000000,0.817,60500000,perfect,3,Treatment C,NA,NA,2024-02-23,NA,NA,NA,NA,sac,1/17/2024,63100000,0.913,57600000,10,576000000,6,96000000,NA,NA,NA,NA,NA,NA,NA,93000000,183000,2024-03-08
21,test,L,2024-01-01,NSG,female,100104,XYZ,XYZ-GFP-CBG-passage2-2023-08-22-MM-86e6,1000000,2024-02-10,74000000,0.817,60500000,perfect,3,Treatment C,NA,NA,2024-02-23,NA,NA,NA,NA,sac,1/17/2024,63100000,0.913,57600000,10,576000000,6,96000000,NA,NA,NA,NA,NA,NA,NA,694000000,1240000,2024-03-15
21,test,L,2024-01-01,NSG,female,100104,XYZ,XYZ-GFP-CBG-passage2-2023-08-22-MM-86e6,1000000,2024-02-10,74000000,0.817,60500000,perfect,3,Treatment C,NA,NA,2024-02-23,NA,NA,NA,NA,sac,1/17/2024,63100000,0.913,57600000,10,576000000,6,96000000,NA,NA,NA,NA,NA,NA,NA,694000000,1240000,2024-03-22
22,test,R,2024-01-01,NSG,female,100104,XYZ,XYZ-GFP-CBG-passage2-2023-08-22-MM-86e6,1000000,2024-02-10,74000000,0.817,60500000,perfect,1,Treatment A,NA,NA,2024-02-23,NA,NA,NA,NA,euth,1/2/2024,197000000,0.853,168000000,6,1010000000,4,252000000,NA,NA,NA,NA,NA,NA,NA,1670000,3240,2024-02-16
22,test,R,2024-01-01,NSG,female,100104,XYZ,XYZ-GFP-CBG-passage2-2023-08-22-MM-86e6,1000000,2024-02-10,74000000,0.817,60500000,perfect,1,Treatment A,NA,NA,2024-02-23,NA,NA,NA,NA,euth,1/2/2024,197000000,0.853,168000000,6,1010000000,4,252000000,NA,NA,NA,NA,NA,NA,NA,1070000,1850,2024-02-22
22,test,R,2024-01-01,NSG,female,100104,XYZ,XYZ-GFP-CBG-passage2-2023-08-22-MM-86e6,1000000,2024-02-10,74000000,0.817,60500000,perfect,1,Treatment A,NA,NA,2024-02-23,NA,NA,NA,NA,euth,1/2/2024,197000000,0.853,168000000,6,1010000000,4,252000000,NA,NA,NA,NA,NA,NA,NA,11000000,20600,2024-03-01
22,test,R,2024-01-01,NSG,female,100104,XYZ,XYZ-GFP-CBG-passage2-2023-08-22-MM-86e6,1000000,2024-02-10,74000000,0.817,60500000,perfect,1,Treatment A,NA,NA,2024-02-23,NA,NA,NA,NA,euth,1/2/2024,197000000,0.853,168000000,6,1010000000,4,252000000,NA,NA,NA,NA,NA,NA,NA,105000000,206000,2024-03-08
22,test,R,2024-01-01,NSG,female,100104,XYZ,XYZ-GFP-CBG-passage2-2023-08-22-MM-86e6,1000000,2024-02-10,74000000,0.817,60500000,perfect,1,Treatment A,NA,NA,2024-02-23,NA,NA,NA,NA,euth,1/2/2024,197000000,0.853,168000000,6,1010000000,4,252000000,NA,NA,NA,NA,NA,NA,NA,908000000,1680000,2024-03-15
22,test,R,2024-01-01,NSG,female,100104,XYZ,XYZ-GFP-CBG-passage2-2023-08-22-MM-86e6,1000000,2024-02-10,74000000,0.817,60500000,perfect,1,Treatment A,NA,NA,2024-02-23,NA,NA,NA,NA,euth,1/2/2024,197000000,0.853,168000000,6,1010000000,4,252000000,NA,NA,NA,NA,NA,NA,NA,908000000,1680000,2024-03-22
23,test,LR,2024-01-01,NSG,female,100104,XYZ,XYZ-GFP-CBG-passage2-2023-08-22-MM-86e6,1000000,2024-02-10,74000000,0.817,60500000,multiple,2,Treatment B,NA,NA,2024-02-23,NA,NA,NA,NA,sac,1/17/2024,40900000,0.926,37800000,10,378000000,5,75600000,NA,NA,NA,NA,NA,NA,NA,2200000,3690,2024-02-16
23,test,LR,2024-01-01,NSG,female,100104,XYZ,XYZ-GFP-CBG-passage2-2023-08-22-MM-86e6,1000000,2024-02-10,74000000,0.817,60500000,multiple,2,Treatment B,NA,NA,2024-02-23,NA,NA,NA,NA,sac,1/17/2024,40900000,0.926,37800000,10,378000000,5,75600000,NA,NA,NA,NA,NA,NA,NA,1300000,2060,2024-02-22
23,test,LR,2024-01-01,NSG,female,100104,XYZ,XYZ-GFP-CBG-passage2-2023-08-22-MM-86e6,1000000,2024-02-10,74000000,0.817,60500000,multiple,2,Treatment B,NA,NA,2024-02-23,NA,NA,NA,NA,sac,1/17/2024,40900000,0.926,37800000,10,378000000,5,75600000,NA,NA,NA,NA,NA,NA,NA,7310000,13900,2024-03-01
23,test,LR,2024-01-01,NSG,female,100104,XYZ,XYZ-GFP-CBG-passage2-2023-08-22-MM-86e6,1000000,2024-02-10,74000000,0.817,60500000,multiple,2,Treatment B,NA,NA,2024-02-23,NA,NA,NA,NA,sac,1/17/2024,40900000,0.926,37800000,10,378000000,5,75600000,NA,NA,NA,NA,NA,NA,NA,108000000,219000,2024-03-08
23,test,LR,2024-01-01,NSG,female,100104,XYZ,XYZ-GFP-CBG-passage2-2023-08-22-MM-86e6,1000000,2024-02-10,74000000,0.817,60500000,multiple,2,Treatment B,NA,NA,2024-02-23,NA,NA,NA,NA,sac,1/17/2024,40900000,0.926,37800000,10,378000000,5,75600000,NA,NA,NA,NA,NA,NA,NA,805000000,1560000,2024-03-15
23,test,LR,2024-01-01,NSG,female,100104,XYZ,XYZ-GFP-CBG-passage2-2023-08-22-MM-86e6,1000000,2024-02-10,74000000,0.817,60500000,multiple,2,Treatment B,NA,NA,2024-02-23,NA,NA,NA,NA,sac,1/17/2024,40900000,0.926,37800000,10,378000000,5,75600000,NA,NA,NA,NA,NA,NA,NA,805000000,1560000,2024-03-22
24,test,LL,2024-01-01,NSG,female,100104,XYZ,XYZ-GFP-CBG-passage2-2023-08-22-MM-86e6,1000000,2024-02-10,74000000,0.817,60500000,perfect,1,Treatment A,NA,NA,2024-02-23,NA,NA,NA,NA,fd,1/17/2024,NA,NA,NA,NA,NA,NA,NA,NA,NA,NA,NA,NA,NA,NA,1090000,1870,2024-02-16
24,test,LL,2024-01-01,NSG,female,100104,XYZ,XYZ-GFP-CBG-passage2-2023-08-22-MM-86e6,1000000,2024-02-10,74000000,0.817,60500000,perfect,1,Treatment A,NA,NA,2024-02-23,NA,NA,NA,NA,fd,1/17/2024,NA,NA,NA,NA,NA,NA,NA,NA,NA,NA,NA,NA,NA,NA,1100000,1900,2024-02-22
24,test,LL,2024-01-01,NSG,female,100104,XYZ,XYZ-GFP-CBG-passage2-2023-08-22-MM-86e6,1000000,2024-02-10,74000000,0.817,60500000,perfect,1,Treatment A,NA,NA,2024-02-23,NA,NA,NA,NA,fd,1/17/2024,NA,NA,NA,NA,NA,NA,NA,NA,NA,NA,NA,NA,NA,NA,13000000,26100,2024-03-01
24,test,LL,2024-01-01,NSG,female,100104,XYZ,XYZ-GFP-CBG-passage2-2023-08-22-MM-86e6,1000000,2024-02-10,74000000,0.817,60500000,perfect,1,Treatment A,NA,NA,2024-02-23,NA,NA,NA,NA,fd,1/17/2024,NA,NA,NA,NA,NA,NA,NA,NA,NA,NA,NA,NA,NA,NA,165000000,292000,2024-03-08
24,test,LL,2024-01-01,NSG,female,100104,XYZ,XYZ-GFP-CBG-passage2-2023-08-22-MM-86e6,1000000,2024-02-10,74000000,0.817,60500000,perfect,1,Treatment A,NA,NA,2024-02-23,NA,NA,NA,NA,fd,1/17/2024,NA,NA,NA,NA,NA,NA,NA,NA,NA,NA,NA,NA,NA,NA,863000000,1600000,2024-03-15
24,test,LL,2024-01-01,NSG,female,100104,XYZ,XYZ-GFP-CBG-passage2-2023-08-22-MM-86e6,1000000,2024-02-10,74000000,0.817,60500000,perfect,1,Treatment A,NA,NA,2024-02-23,NA,NA,NA,NA,fd,1/17/2024,NA,NA,NA,NA,NA,NA,NA,NA,NA,NA,NA,NA,NA,NA,863000000,1600000,2024-03-22
25,test,RR,2024-01-01,NSG,female,100104,XYZ,XYZ-GFP-CBG-passage2-2023-08-22-MM-86e6,1000000,2024-02-10,74000000,0.817,60500000,perfect,1,Treatment A,NA,NA,2024-02-23,NA,NA,NA,NA,fd,1/30/2024,14600000,0.451,6580000,1,6580000,0,0,NA,NA,NA,NA,NA,NA,NA,1430000,2650,2024-02-16
25,test,RR,2024-01-01,NSG,female,100104,XYZ,XYZ-GFP-CBG-passage2-2023-08-22-MM-86e6,1000000,2024-02-10,74000000,0.817,60500000,perfect,1,Treatment A,NA,NA,2024-02-23,NA,NA,NA,NA,fd,1/30/2024,14600000,0.451,6580000,1,6580000,0,0,NA,NA,NA,NA,NA,NA,NA,1070000,1820,2024-02-22
25,test,RR,2024-01-01,NSG,female,100104,XYZ,XYZ-GFP-CBG-passage2-2023-08-22-MM-86e6,1000000,2024-02-10,74000000,0.817,60500000,perfect,1,Treatment A,NA,NA,2024-02-23,NA,NA,NA,NA,fd,1/30/2024,14600000,0.451,6580000,1,6580000,0,0,NA,NA,NA,NA,NA,NA,NA,14100000,27900,2024-03-01
25,test,RR,2024-01-01,NSG,female,100104,XYZ,XYZ-GFP-CBG-passage2-2023-08-22-MM-86e6,1000000,2024-02-10,74000000,0.817,60500000,perfect,1,Treatment A,NA,NA,2024-02-23,NA,NA,NA,NA,fd,1/30/2024,14600000,0.451,6580000,1,6580000,0,0,NA,NA,NA,NA,NA,NA,NA,173000000,327000,2024-03-08
25,test,RR,2024-01-01,NSG,female,100104,XYZ,XYZ-GFP-CBG-passage2-2023-08-22-MM-86e6,1000000,2024-02-10,74000000,0.817,60500000,perfect,1,Treatment A,NA,NA,2024-02-23,NA,NA,NA,NA,fd,1/30/2024,14600000,0.451,6580000,1,6580000,0,0,NA,NA,NA,NA,NA,NA,NA,938000000,1700000,2024-03-15
25,test,RR,2024-01-01,NSG,female,100104,XYZ,XYZ-GFP-CBG-passage2-2023-08-22-MM-86e6,1000000,2024-02-10,74000000,0.817,60500000,perfect,1,Treatment A,NA,NA,2024-02-23,NA,NA,NA,NA,fd,1/30/2024,14600000,0.451,6580000,1,6580000,0,0,NA,NA,NA,NA,NA,NA,NA,938000000,1700000,2024-03-22
